D,#R,#X,#Y,B4.mu,B4.lo,B4.sd,2B.mu,DEHB-6,DEHB-12,DEHB-18,DEHB-24,DEHB-50,DEHB-100,DEHB-200,NSGAIII-6,NSGAIII-12,NSGAIII-18,NSGAIII-24,NSGAIII-50,NSGAIII-100,NSGAIII-200,SMAC-6,SMAC-12,SMAC-18,SMAC-24,SMAC-50,SMAC-100,SMAC-200,TPE-6,TPE-12,TPE-18,TPE-24,TPE-50,TPE-100,TPE-200,ACT-6,ACT-12,ACT-18,ACT-24,ACT-50,ACT-100,ACT-200,KM++-6,RAND-6,KM++-12,RAND-12,KM++-18,RAND-18,KM++-24,RAND-24,KM++-50,RAND-50,KM++-100,RAND-100,KM++-200,RAND-200,Before,File
95, 93, 22, 3, 54, 39, 5, 40, 56 f, 52 e, 46 b, 42 b, 45 b, 64 g, 39 a, 57 f, 49 d, 41 a, 41 a, 39 a, 43 b, 39 a, 52 e, 44 b, 43 b, 57 f, 53 e, 39 a, 39 a, 57 f, 43 b, 50 d, 43 b, 42 b, 43 b, 43 b, 54 e, 50 d, 47 c, 44 b, 40 a, 39 a, 39 a, 47 c, 47 c, 44 b, 45 b, 41 a, 44 b, 41 a, 44 b, 39 a, 41 a, 39 a, 40 a, 39 a, 39 a, 54 e, nasa93dem.csv
92, 192, 9, 1, 33, 0, 27, 3, 6 a, 4 a, 3 a, 3 a, 2 a, 1 a, 0 a, 8 a, 6 a, 4 a, 3 a, 2 a, 1 a, 0 a, 6 a, 3 a, 2 a, 2 a, 0 a, 0 a, 0 a, 8 a, 6 a, 5 a, 4 a, 2 a, 1 a, 1 a, 6 a, 2 a, 1 a, 0 a, 0 a, 0 a, 0 a, 9 a, 8 a, 5 a, 5 a, 3 a, 4 a, 2 a, 2 a, 1 a, 2 a, 0 a, 1 a, 0 a, 0 a, 33 b, Apache_AllMeasurements.csv
92, 206, 3, 2, 56, 0, 19, 4, 37 d, 32 c, 28 c, 26 c, 21 b, 18 b, 10 a, 35 c, 30 c, 25 c, 24 c, 20 b, 15 b, 7 a, 33 c, 26 c, 13 b, 13 b, 2 a, 0 a, 0 a, 35 c, 28 c, 23 b, 21 b, 16 b, 9 a, 4 a, 27 c, 13 b, 6 a, 5 a, 5 a, 2 a, 0 a, 32 c, 33 c, 22 b, 20 b, 21 b, 18 b, 15 b, 15 b, 12 b, 12 b, 8 a, 8 a, 0 a, 3 a, 56 e, SS-B.csv
92, 196, 3, 2, 56, 35, 10, 37, 45 b, 41 b, 40 b, 40 a, 37 a, 36 a, 35 a, 46 c, 42 b, 40 b, 40 a, 37 a, 36 a, 35 a, 44 b, 43 b, 41 b, 39 a, 36 a, 35 a, 35 a, 46 c, 41 b, 39 a, 38 a, 36 a, 35 a, 35 a, 46 c, 44 b, 44 b, 43 b, 41 b, 35 a, 35 a, 45 b, 44 b, 43 b, 41 b, 41 b, 41 b, 41 b, 39 a, 38 a, 38 a, 37 a, 36 a, 35 a, 35 a, 56 d, SS-F.csv
87, 81, 26, 1, 38, 0, 20, 5, 19 b, 11 a, 10 a, 8 a, 2 a, 2 a, 1 a, 17 b, 14 b, 11 a, 11 a, 4 a, 1 a, 0 a, 20 b, 14 b, 10 a, 7 a, 3 a, 2 a, 1 a, 17 b, 14 b, 9 a, 8 a, 3 a, 2 a, 0 a, 14 b, 11 a, 9 a, 8 a, 1 a, 0 a, 0 a, 11 a, 15 b, 9 a, 9 a, 7 a, 7 a, 6 a, 5 a, 3 a, 3 a, 2 a, 3 a, 2 a, 1 a, 38 c, player_statistics_cleaned_final.csv
90, 196, 3, 2, 57, 33, 10, 36, 45 c, 41 b, 41 b, 40 b, 37 a, 36 a, 34 a, 46 c, 42 b, 40 b, 39 a, 37 a, 35 a, 34 a, 44 b, 41 b, 40 b, 38 a, 35 a, 33 a, 33 a, 46 c, 42 b, 39 a, 38 a, 36 a, 34 a, 34 a, 45 c, 43 b, 43 b, 43 b, 40 b, 35 a, 33 a, 44 b, 44 b, 42 b, 41 b, 41 b, 40 b, 40 b, 39 a, 38 a, 37 a, 36 a, 35 a, 33 a, 34 a, 57 d, SS-G.csv
84, 223, 10, 3, 62, 30, 12, 35, 46 c, 43 b, 42 b, 41 b, 39 b, 36 a, 34 a, 47 c, 41 b, 39 a, 38 a, 35 a, 34 a, 33 a, 46 c, 42 b, 42 b, 41 b, 38 a, 36 a, 34 a, 47 c, 41 b, 39 a, 39 a, 36 a, 33 a, 33 a, 48 c, 42 b, 41 b, 40 b, 33 a, 30 a, 30 a, 47 c, 48 c, 45 b, 46 c, 41 b, 41 b, 41 b, 42 b, 37 a, 38 a, 35 a, 37 a, 31 a, 33 a, 62 d, A2C_Acrobot.csv
96, 196, 3, 1, 27, 0, 20, 1, 4 a, 2 a, 1 a, 1 a, 0 a, 0 a, 0 a, 3 a, 1 a, 1 a, 0 a, 0 a, 0 a, 0 a, 8 b, 2 a, 0 a, 0 a, 0 a, 0 a, 0 a, 3 a, 1 a, 0 a, 0 a, 0 a, 0 a, 0 a, 10 b, 1 a, 1 a, 1 a, 0 a, 0 a, 0 a, 8 b, 6 a, 3 a, 2 a, 1 a, 1 a, 1 a, 1 a, 0 a, 0 a, 0 a, 0 a, 0 a, 0 a, 27 c, wc+rs-3d-c4-obj1.csv
90, 196, 3, 2, 55, 32, 10, 34, 43 b, 39 b, 37 a, 36 a, 34 a, 33 a, 32 a, 44 c, 40 b, 38 b, 36 a, 35 a, 33 a, 32 a, 41 b, 40 b, 38 b, 35 a, 33 a, 32 a, 32 a, 44 c, 40 b, 38 b, 37 a, 35 a, 34 a, 34 a, 45 c, 40 b, 39 b, 36 a, 33 a, 32 a, 32 a, 40 b, 41 b, 40 b, 39 b, 36 a, 39 b, 36 a, 36 a, 32 a, 35 a, 32 a, 33 a, 32 a, 32 a, 55 d, SS-D.csv
95, 259, 4, 2, 71, 23, 18, 25, 48 c, 42 b, 38 b, 36 b, 29 a, 25 a, 23 a, 46 c, 41 b, 36 b, 35 b, 30 a, 26 a, 23 a, 46 c, 33 b, 26 a, 23 a, 23 a, 23 a, 23 a, 46 c, 39 b, 33 b, 33 b, 27 a, 25 a, 23 a, 40 b, 27 a, 25 a, 24 a, 24 a, 24 a, 23 a, 44 b, 45 c, 40 b, 39 b, 36 b, 39 b, 31 a, 36 b, 29 a, 30 a, 25 a, 25 a, 23 a, 23 a, 71 d, SS-H.csv
93, 247, 22, 2, 84, 46, 10, 49, 86 f, 82 f, 90 g, 61 c, 95 g, 91 g, 95 g, 72 d, 68 d, 68 d, 50 a, 50 a, 56 b, 47 a, 70 d, 74 e, 73 e, 66 c, 60 c, 59 b, 51 a, 76 e, 53 b, 66 c, 59 b, 48 a, 47 a, 71 d, 79 f, 76 e, 69 d, 62 c, 51 a, 47 a, 46 a, 71 d, 74 e, 68 d, 71 d, 68 d, 65 c, 65 c, 60 b, 63 c, 58 b, 56 b, 54 b, 48 a, 49 a, 84 f, wallpaper.csv
90, 398, 4, 3, 56, 17, 16, 21, 41 c, 38 c, 36 b, 35 b, 31 b, 29 b, 19 a, 37 c, 34 b, 32 b, 31 b, 27 b, 22 a, 17 a, 35 b, 31 b, 30 b, 25 a, 22 a, 19 a, 19 a, 37 c, 35 b, 30 b, 26 b, 23 a, 21 a, 19 a, 37 c, 24 a, 22 a, 21 a, 18 a, 17 a, 17 a, 37 c, 37 c, 29 b, 32 b, 29 b, 29 b, 27 b, 29 b, 23 a, 25 a, 20 a, 21 a, 18 a, 18 a, 56 d, auto93.csv
83, 500, 9, 3, 33, 4, 15, 9, 17 b, 12 a, 10 a, 9 a, 7 a, 6 a, 6 a, 14 a, 12 a, 9 a, 9 a, 7 a, 6 a, 5 a, 18 b, 13 a, 11 a, 10 a, 9 a, 7 a, 6 a, 14 a, 11 a, 11 a, 10 a, 8 a, 7 a, 5 a, 16 b, 14 b, 10 a, 10 a, 8 a, 6 a, 6 a, 14 b, 13 a, 11 a, 11 a, 11 a, 9 a, 8 a, 9 a, 8 a, 8 a, 6 a, 7 a, 6 a, 6 a, 33 c, pom3d.csv
88, 350, 20, 1, 36, 0, 20, 4, 18 b, 13 b, 10 a, 9 a, 3 a, 2 a, 0 a, 22 c, 13 b, 9 a, 7 a, 2 a, 0 a, 0 a, 19 b, 6 a, 5 a, 4 a, 1 a, 0 a, 0 a, 22 c, 12 b, 7 a, 4 a, 2 a, 1 a, 0 a, 13 b, 10 a, 9 a, 7 a, 5 a, 5 a, 1 a, 11 a, 16 b, 9 a, 10 a, 6 a, 8 a, 5 a, 7 a, 3 a, 4 a, 1 a, 1 a, 0 a, 0 a, 36 d, socks.csv
88, 756, 3, 2, 41, 12, 15, 16, 25 b, 22 b, 19 a, 18 a, 16 a, 14 a, 13 a, 27 b, 23 b, 20 a, 20 a, 17 a, 15 a, 13 a, 25 b, 24 b, 22 b, 18 a, 14 a, 13 a, 12 a, 27 b, 23 b, 18 a, 17 a, 14 a, 13 a, 12 a, 32 c, 26 b, 25 b, 23 b, 20 a, 16 a, 13 a, 26 b, 25 b, 21 b, 23 b, 19 a, 22 b, 20 a, 23 b, 16 a, 17 a, 14 a, 15 a, 13 a, 13 a, 41 d, SS-E.csv
94, 1023, 11, 2, 63, 16, 17, 18, 35 c, 31 b, 26 b, 24 a, 18 a, 17 a, 16 a, 35 b, 30 b, 27 b, 22 a, 19 a, 17 a, 16 a, 31 b, 27 b, 20 a, 18 a, 16 a, 16 a, 16 a, 35 b, 27 b, 27 b, 25 b, 21 a, 18 a, 17 a, 38 c, 28 b, 20 a, 19 a, 16 a, 16 a, 16 a, 44 d, 36 c, 29 b, 27 b, 23 a, 27 b, 21 a, 22 a, 19 a, 19 a, 17 a, 17 a, 17 a, 17 a, 63 e, SS-P.csv
98, 864, 18, 1, 28, 0, 38, 0, 1 a, 1 a, 0 a, 0 a, 0 a, 0 a, 0 a, 1 a, 1 a, 0 a, 0 a, 0 a, 0 a, 0 a, 2 a, 0 a, 1 a, 0 a, 0 a, 0 a, 0 a, 1 a, 0 a, 0 a, 0 a, 0 a, 0 a, 0 a, 1 a, 0 a, 0 a, 0 a, 0 a, 0 a, 0 a, 2 a, 2 a, 1 a, 1 a, 1 a, 0 a, 0 a, 0 a, 0 a, 0 a, 0 a, 0 a, 0 a, 0 a, 28 b, HSQLDB.csv
97, 864, 17, 3, 31, 0, 35, 1, 3 a, 1 a, 1 a, 1 a, 0 a, 0 a, 0 a, 3 a, 1 a, 1 a, 1 a, 0 a, 0 a, 0 a, 4 a, 2 a, 1 a, 0 a, 0 a, 0 a, 0 a, 3 a, 1 a, 1 a, 0 a, 0 a, 0 a, 0 a, 2 a, 1 a, 1 a, 0 a, 0 a, 0 a, 0 a, 3 a, 4 a, 2 a, 3 a, 2 a, 1 a, 1 a, 1 a, 0 a, 0 a, 0 a, 0 a, 0 a, 0 a, 31 b, SS-M.csv
82, 1343, 3, 2, 25, 0, 19, 5, 10 a, 7 a, 6 a, 5 a, 4 a, 3 a, 2 a, 10 a, 8 a, 7 a, 6 a, 4 a, 3 a, 1 a, 11 b, 6 a, 4 a, 2 a, 1 a, 0 a, 0 a, 10 a, 8 a, 6 a, 6 a, 4 a, 2 a, 1 a, 9 a, 5 a, 3 a, 3 a, 1 a, 1 a, 0 a, 10 a, 11 a, 6 a, 6 a, 5 a, 6 a, 5 a, 5 a, 4 a, 4 a, 3 a, 3 a, 2 a, 2 a, 25 c, SS-A.csv
91, 1024, 10, 1, 53, 0, 25, 5, 15 b, 12 a, 8 a, 6 a, 4 a, 2 a, 0 a, 26 c, 17 b, 10 a, 8 a, 4 a, 3 a, 1 a, 25 c, 14 b, 11 a, 5 a, 2 a, 1 a, 0 a, 26 c, 14 b, 12 a, 12 a, 6 a, 3 a, 2 a, 14 b, 5 a, 3 a, 2 a, 0 a, 0 a, 0 a, 19 b, 25 c, 14 b, 13 b, 8 a, 10 a, 8 a, 9 a, 3 a, 3 a, 2 a, 2 a, 1 a, 2 a, 53 d, LLVM.csv
82, 972, 11, 2, 39, 12, 13, 17, 27 b, 25 b, 23 b, 23 b, 20 a, 19 a, 16 a, 27 b, 26 b, 24 b, 23 b, 20 a, 18 a, 16 a, 27 b, 26 b, 22 b, 21 a, 18 a, 16 a, 14 a, 27 b, 25 b, 23 b, 23 b, 20 a, 17 a, 17 a, 24 b, 20 a, 19 a, 17 a, 14 a, 13 a, 13 a, 25 b, 27 b, 22 b, 22 b, 20 a, 20 a, 18 a, 19 a, 16 a, 17 a, 14 a, 15 a, 13 a, 14 a, 39 c, SS-O.csv
95, 1023, 11, 2, 63, 16, 17, 18, 35 c, 31 b, 26 b, 24 b, 18 a, 17 a, 16 a, 35 c, 30 b, 27 b, 22 a, 19 a, 17 a, 16 a, 31 b, 27 b, 20 a, 18 a, 16 a, 16 a, 16 a, 35 c, 27 b, 27 b, 25 b, 21 a, 18 a, 17 a, 35 c, 27 b, 20 a, 19 a, 17 a, 16 a, 16 a, 43 d, 36 c, 34 c, 27 b, 23 a, 27 b, 24 b, 22 a, 18 a, 19 a, 17 a, 17 a, 16 a, 17 a, 63 e, SS-L.csv
96, 1152, 16, 1, 38, 0, 28, 2, 4 a, 2 a, 1 a, 1 a, 0 a, 0 a, 0 a, 4 a, 3 a, 2 a, 1 a, 1 a, 0 a, 0 a, 4 a, 3 a, 2 a, 1 a, 0 a, 0 a, 0 a, 4 a, 2 a, 2 a, 2 a, 1 a, 0 a, 0 a, 4 a, 1 a, 0 a, 0 a, 0 a, 0 a, 0 a, 5 a, 5 a, 3 a, 2 a, 2 a, 2 a, 1 a, 1 a, 1 a, 1 a, 0 a, 0 a, 0 a, 0 a, 38 b, X264_AllMeasurements.csv
80, 1000, 20, 5, 46, 13, 11, 20, 32 c, 28 b, 25 b, 23 a, 21 a, 20 a, 18 a, 34 c, 28 b, 26 b, 24 b, 21 a, 19 a, 18 a, 29 b, 25 b, 23 a, 22 a, 21 a, 19 a, 17 a, 34 c, 29 b, 26 b, 25 b, 21 a, 20 a, 18 a, 38 d, 31 c, 23 a, 21 a, 19 a, 18 a, 16 a, 31 c, 32 c, 26 b, 23 a, 25 b, 25 b, 21 a, 21 a, 21 a, 20 a, 18 a, 18 a, 17 a, 17 a, 46 e, coc1000.csv
78, 1599, 10, 2, 42, 15, 9, 21, 34 c, 32 c, 28 b, 28 b, 26 b, 25 b, 24 a, 34 c, 29 b, 28 b, 28 b, 27 b, 25 b, 22 a, 35 c, 30 b, 29 b, 27 b, 26 b, 25 b, 23 a, 34 c, 31 c, 29 b, 29 b, 27 b, 25 b, 22 a, 31 c, 29 b, 28 b, 28 b, 25 b, 22 a, 20 a, 31 c, 31 c, 30 b, 29 b, 28 b, 29 b, 28 b, 26 b, 25 b, 23 a, 19 a, 22 a, 18 a, 20 a, 42 d, Wine_quality.csv
100, 1557, 12, 1, 18, 0, 25, 0, 1 a, 0 a, 0 a, 0 a, 0 a, 0 a, 0 a, 0 a, 0 a, 0 a, 0 a, 0 a, 0 a, 0 a, 0 a, 0 a, 0 a, 0 a, 0 a, 0 a, 0 a, 0 a, 0 a, 0 a, 0 a, 0 a, 0 a, 0 a, 0 a, 0 a, 0 a, 0 a, 0 a, 0 a, 0 a, 1 a, 1 a, 0 a, 0 a, 0 a, 0 a, 0 a, 0 a, 0 a, 0 a, 0 a, 0 a, 0 a, 0 a, 18 b, storm.csv
89, 2880, 6, 2, 52, 1, 16, 7, 35 d, 26 c, 21 b, 19 b, 13 b, 11 a, 6 a, 27 c, 21 b, 18 b, 17 b, 11 a, 9 a, 5 a, 27 c, 20 b, 15 b, 13 b, 7 a, 3 a, 2 a, 27 c, 21 b, 16 b, 15 b, 8 a, 6 a, 5 a, 32 d, 20 b, 15 b, 12 a, 8 a, 7 a, 4 a, 26 c, 32 d, 23 c, 25 c, 18 b, 18 b, 16 b, 13 b, 9 a, 12 a, 6 a, 7 a, 5 a, 5 a, 52 e, SS-K.csv
95, 2880, 6, 1, 29, 0, 21, 2, 7 a, 2 a, 2 a, 2 a, 1 a, 0 a, 0 a, 4 a, 2 a, 2 a, 1 a, 0 a, 0 a, 0 a, 9 a, 3 a, 0 a, 0 a, 0 a, 0 a, 0 a, 4 a, 3 a, 1 a, 1 a, 0 a, 0 a, 0 a, 7 a, 3 a, 2 a, 1 a, 0 a, 0 a, 0 a, 5 a, 6 a, 1 a, 2 a, 1 a, 1 a, 0 a, 1 a, 0 a, 0 a, 0 a, 0 a, 0 a, 0 a, 29 b, wc-6d-c1-obj1.csv
93, 2866, 6, 1, 23, 0, 20, 2, 3 a, 2 a, 2 a, 2 a, 1 a, 1 a, 1 a, 3 a, 2 a, 2 a, 2 a, 2 a, 1 a, 1 a, 4 a, 2 a, 2 a, 1 a, 1 a, 1 a, 1 a, 3 a, 2 a, 2 a, 2 a, 1 a, 1 a, 1 a, 3 a, 1 a, 1 a, 1 a, 1 a, 1 a, 1 a, 3 a, 3 a, 2 a, 2 a, 1 a, 2 a, 2 a, 2 a, 1 a, 1 a, 1 a, 1 a, 1 a, 1 a, 23 b, sol-6d-c2-obj1.csv
99, 2560, 16, 1, 20, 0, 30, 0, 0 a, 0 a, 0 a, 0 a, 0 a, 0 a, 0 a, 0 a, 0 a, 0 a, 0 a, 0 a, 0 a, 0 a, 1 a, 0 a, 0 a, 0 a, 0 a, 0 a, 0 a, 0 a, 0 a, 0 a, 0 a, 0 a, 0 a, 0 a, 0 a, 0 a, 0 a, 0 a, 0 a, 0 a, 0 a, 0 a, 1 a, 0 a, 0 a, 0 a, 0 a, 0 a, 0 a, 0 a, 0 a, 0 a, 0 a, 0 a, 0 a, 20 b, BDBC.csv
93, 3840, 6, 2, 24, 0, 20, 2, 5 a, 3 a, 2 a, 2 a, 1 a, 1 a, 0 a, 3 a, 2 a, 2 a, 1 a, 1 a, 1 a, 0 a, 5 a, 3 a, 2 a, 1 a, 1 a, 0 a, 0 a, 3 a, 2 a, 1 a, 1 a, 1 a, 1 a, 0 a, 6 a, 3 a, 2 a, 2 a, 2 a, 2 a, 1 a, 5 a, 6 a, 3 a, 3 a, 2 a, 2 a, 1 a, 1 a, 1 a, 1 a, 1 a, 1 a, 0 a, 0 a, 24 b, SS-S.csv
86, 1000, 124, 3, 51, 27, 9, 30, 41 c, 38 b, 37 b, 36 b, 33 a, 32 a, 29 a, 40 c, 39 b, 38 b, 37 b, 33 a, 31 a, 28 a, 42 c, 37 b, 35 b, 33 a, 31 a, 29 a, 29 a, 40 c, 37 b, 35 b, 35 b, 32 a, 31 a, 30 a, 40 c, 33 a, 31 a, 30 a, 29 a, 28 a, 27 a, 39 c, 40 c, 36 b, 38 b, 36 b, 36 b, 34 b, 35 b, 32 a, 34 b, 31 a, 31 a, 30 a, 30 a, 51 d, Scrum1k.csv
90, 3840, 6, 2, 52, 2, 21, 7, 25 b, 14 a, 11 a, 10 a, 6 a, 6 a, 5 a, 24 b, 15 b, 13 a, 10 a, 7 a, 6 a, 4 a, 25 b, 17 b, 8 a, 8 a, 4 a, 4 a, 3 a, 24 b, 13 a, 10 a, 8 a, 6 a, 5 a, 4 a, 38 c, 14 a, 12 a, 7 a, 5 a, 4 a, 4 a, 21 b, 24 b, 9 a, 16 b, 10 a, 13 a, 8 a, 9 a, 5 a, 6 a, 5 a, 6 a, 4 a, 5 a, 52 d, SS-J.csv
92, 2736, 13, 3, 41, 4, 21, 7, 16 b, 9 a, 8 a, 7 a, 6 a, 5 a, 5 a, 16 b, 10 a, 9 a, 7 a, 6 a, 5 a, 5 a, 14 a, 10 a, 10 a, 7 a, 5 a, 5 a, 5 a, 16 b, 12 a, 10 a, 9 a, 6 a, 5 a, 5 a, 15 b, 8 a, 7 a, 7 a, 5 a, 5 a, 4 a, 14 a, 15 b, 9 a, 9 a, 7 a, 8 a, 7 a, 7 a, 6 a, 6 a, 5 a, 5 a, 5 a, 5 a, 41 c, SS-Q.csv
97, 3840, 6, 1, 28, 0, 27, 1, 4 a, 1 a, 1 a, 0 a, 0 a, 0 a, 0 a, 2 a, 1 a, 0 a, 0 a, 0 a, 0 a, 0 a, 4 a, 2 a, 1 a, 0 a, 0 a, 0 a, 0 a, 2 a, 0 a, 0 a, 0 a, 0 a, 0 a, 0 a, 4 a, 0 a, 0 a, 0 a, 0 a, 0 a, 0 a, 4 a, 3 a, 1 a, 1 a, 1 a, 1 a, 0 a, 0 a, 0 a, 0 a, 0 a, 0 a, 0 a, 0 a, 28 b, rs-6d-c3_obj1.csv
100, 3840, 6, 1, 7, 0, 19, 0, 0 a, 0 a, 0 a, 0 a, 0 a, 0 a, 0 a, 0 a, 0 a, 0 a, 0 a, 0 a, 0 a, 0 a, 0 a, 0 a, 0 a, 0 a, 0 a, 0 a, 0 a, 0 a, 0 a, 0 a, 0 a, 0 a, 0 a, 0 a, 0 a, 0 a, 0 a, 0 a, 0 a, 0 a, 0 a, 0 a, 0 a, 0 a, 0 a, 0 a, 0 a, 0 a, 0 a, 0 a, 0 a, 0 a, 0 a, 0 a, 0 a, 7 b, rs-6d-c3_obj2.csv
93, 4096, 12, 1, 33, 0, 23, 2, 4 a, 2 a, 1 a, 1 a, 0 a, 0 a, 0 a, 9 a, 4 a, 2 a, 1 a, 0 a, 0 a, 0 a, 9 a, 5 a, 3 a, 2 a, 0 a, 0 a, 0 a, 9 a, 3 a, 3 a, 3 a, 1 a, 0 a, 0 a, 10 a, 3 a, 2 a, 1 a, 0 a, 0 a, 0 a, 8 a, 10 b, 4 a, 5 a, 4 a, 2 a, 1 a, 2 a, 1 a, 0 a, 0 a, 0 a, 0 a, 0 a, 33 c, deeparch.csv
76, 3008, 14, 2, 41, 12, 15, 19, 24 a, 21 a, 20 a, 20 a, 18 a, 17 a, 16 a, 23 a, 21 a, 20 a, 19 a, 18 a, 17 a, 16 a, 22 a, 21 a, 20 a, 19 a, 18 a, 16 a, 16 a, 23 a, 21 a, 20 a, 19 a, 18 a, 17 a, 17 a, 24 a, 23 a, 20 a, 20 a, 17 a, 15 a, 13 a, 21 a, 21 a, 20 a, 20 a, 19 a, 19 a, 19 a, 18 a, 18 a, 18 a, 17 a, 17 a, 15 a, 15 a, 41 b, SS-R.csv
95, 3456, 14, 1, 12, 0, 19, 1, 1 a, 1 a, 0 a, 0 a, 0 a, 0 a, 0 a, 2 a, 1 a, 1 a, 0 a, 0 a, 0 a, 0 a, 1 a, 1 a, 0 a, 0 a, 0 a, 0 a, 0 a, 2 a, 1 a, 0 a, 0 a, 0 a, 0 a, 0 a, 2 a, 1 a, 0 a, 0 a, 0 a, 0 a, 0 a, 2 a, 2 a, 1 a, 1 a, 1 a, 1 a, 1 a, 1 a, 0 a, 1 a, 0 a, 0 a, 0 a, 0 a, 12 b, HSMGP_num.csv
97, 5160, 9, 1, 76, 0, 37, 2, 58 c, 68 c, 75 c, 70 c, 28 b, 55 c, 68 c, 10 a, 3 a, 2 a, 0 a, 0 a, 0 a, 0 a, 10 a, 25 b, 13 a, 5 a, 8 a, 0 a, 0 a, 12 a, 5 a, 0 a, 0 a, 0 a, 0 a, 0 a, 20 b, 2 a, 0 a, 0 a, 0 a, 0 a, 0 a, 25 b, 35 b, 18 b, 8 a, 2 a, 5 a, 0 a, 0 a, 0 a, 0 a, 0 a, 0 a, 0 a, 0 a, 76 c, dataset600.csv
98, 5160, 9, 1, 79, 0, 36, 2, 57 d, 55 d, 63 d, 68 d, 60 d, 78 e, 30 b, 20 b, 5 a, 0 a, 2 a, 0 a, 0 a, 0 a, 12 a, 15 b, 15 b, 12 a, 8 a, 0 a, 0 a, 8 a, 3 a, 0 a, 0 a, 0 a, 0 a, 0 a, 18 b, 0 a, 0 a, 0 a, 0 a, 0 a, 0 a, 30 b, 38 c, 8 a, 10 a, 0 a, 15 b, 0 a, 0 a, 0 a, 0 a, 0 a, 0 a, 0 a, 0 a, 79 e, dataset120.csv
28, 10000, 5, 3, 31, 0, 14, 22, 23 a, 23 a, 24 a, 23 a, 24 a, 22 a, 24 a, 23 a, 23 a, 23 a, 22 a, 22 a, 22 a, 22 a, 23 a, 23 a, 23 a, 23 a, 23 a, 21 a, 20 a, 23 a, 23 a, 23 a, 22 a, 22 a, 22 a, 23 a, 22 a, 22 a, 22 a, 22 a, 21 a, 20 a, 15 a, 23 a, 23 a, 23 a, 23 a, 22 a, 22 a, 22 a, 22 a, 22 a, 22 a, 21 a, 22 a, 21 a, 21 a, 31 b, Health-Commits0004.csv
89, 10000, 5, 3, 57, 7, 18, 12, 50 d, 56 e, 51 d, 17 a, 14 a, 21 b, 8 a, 37 c, 23 b, 20 b, 16 a, 12 a, 9 a, 10 a, 35 c, 22 b, 24 b, 34 c, 12 a, 11 a, 11 a, 44 d, 20 b, 20 b, 23 b, 12 a, 15 a, 15 a, 44 d, 26 b, 16 a, 15 a, 8 a, 8 a, 7 a, 28 b, 27 b, 21 b, 25 b, 16 a, 16 a, 14 a, 15 a, 12 a, 12 a, 8 a, 9 a, 8 a, 8 a, 57 e, Health-Commits0005.csv
100, 10000, 5, 2, 33, 0, 47, 0, 55 c, 0 a, 0 a, 60 c, 95 d, 0 a, 70 c, 0 a, 0 a, 0 a, 0 a, 0 a, 0 a, 0 a, 5 a, 0 a, 0 a, 0 a, 0 a, 0 a, 0 a, 0 a, 0 a, 0 a, 0 a, 0 a, 0 a, 0 a, 0 a, 0 a, 0 a, 0 a, 0 a, 0 a, 0 a, 0 a, 0 a, 0 a, 0 a, 0 a, 0 a, 0 a, 0 a, 0 a, 0 a, 0 a, 0 a, 0 a, 0 a, 33 b, Health-ClosedPRs0000.csv
78, 10000, 5, 3, 24, 7, 10, 11, 14 b, 22 c, 16 b, 29 d, 11 a, 11 a, 22 c, 12 a, 12 a, 12 a, 12 a, 11 a, 10 a, 9 a, 14 b, 12 a, 12 a, 11 a, 10 a, 9 a, 9 a, 15 b, 12 a, 12 a, 11 a, 10 a, 10 a, 9 a, 13 a, 12 a, 11 a, 11 a, 10 a, 9 a, 9 a, 14 a, 13 a, 12 a, 13 a, 12 a, 12 a, 11 a, 11 a, 10 a, 11 a, 10 a, 10 a, 9 a, 10 a, 24 c, Health-Commits0009.csv
78, 10000, 5, 3, 85, 49, 6, 57, 75 d, 71 c, 82 e, 84 f, 86 f, 86 f, 57 a, 86 f, 82 e, 82 e, 63 b, 62 b, 68 c, 57 a, 80 e, 84 f, 73 c, 71 c, 62 b, 60 a, 56 a, 82 e, 73 d, 83 e, 70 c, 60 b, 64 b, 65 b, 79 e, 67 b, 64 b, 62 b, 58 a, 57 a, 57 a, 79 e, 81 e, 69 c, 80 e, 68 c, 71 c, 63 b, 65 b, 58 a, 59 a, 57 a, 57 a, 56 a, 57 a, 85 f, Health-ClosedPRs0008.csv
97, 10000, 5, 3, 53, 0, 37, 2, 79 d, 0 a, 80 d, 0 a, 0 a, 59 c, 0 a, 55 c, 8 a, 4 a, 12 a, 4 a, 0 a, 0 a, 32 b, 40 b, 12 a, 4 a, 0 a, 0 a, 59 c, 79 d, 24 b, 0 a, 79 d, 0 a, 0 a, 16 b, 8 a, 0 a, 0 a, 0 a, 0 a, 0 a, 0 a, 0 a, 8 a, 0 a, 0 a, 0 a, 0 a, 0 a, 0 a, 0 a, 0 a, 0 a, 0 a, 0 a, 0 a, 53 c, Health-ClosedPRs0011.csv
81, 10000, 5, 3, 71, 2, 19, 15, 44 c, 31 b, 36 c, 29 b, 19 a, 27 b, 28 b, 46 c, 33 b, 30 b, 25 b, 18 a, 17 a, 11 a, 42 c, 27 b, 16 a, 17 a, 14 a, 12 a, 12 a, 41 c, 32 b, 23 b, 22 b, 15 a, 13 a, 12 a, 38 c, 20 a, 16 a, 15 a, 14 a, 13 a, 12 a, 45 c, 42 c, 26 b, 35 c, 26 b, 22 b, 24 b, 22 b, 18 a, 19 a, 14 a, 17 a, 13 a, 14 a, 71 d, Health-ClosedIssues0000.csv
95, 10000, 5, 3, 64, 15, 33, 17, 86 d, 86 d, 68 c, 16 a, 16 a, 68 c, 84 d, 34 b, 23 a, 20 a, 16 a, 16 a, 16 a, 16 a, 65 c, 16 a, 16 a, 16 a, 16 a, 16 a, 16 a, 85 d, 85 d, 84 d, 84 d, 16 a, 79 d, 16 a, 20 a, 16 a, 16 a, 16 a, 16 a, 16 a, 16 a, 16 a, 23 a, 16 a, 16 a, 16 a, 16 a, 16 a, 16 a, 16 a, 16 a, 16 a, 16 a, 16 a, 16 a, 64 c, Health-Commits0001.csv
97, 10000, 5, 3, 56, 8, 33, 9, 23 b, 75 e, 8 a, 43 c, 79 e, 8 a, 77 e, 22 b, 43 c, 22 b, 8 a, 8 a, 8 a, 77 e, 8 a, 26 b, 12 a, 16 a, 8 a, 8 a, 8 a, 78 e, 78 e, 8 a, 78 e, 8 a, 12 a, 8 a, 15 a, 8 a, 8 a, 8 a, 8 a, 8 a, 8 a, 8 a, 15 a, 8 a, 8 a, 8 a, 8 a, 8 a, 8 a, 8 a, 8 a, 8 a, 8 a, 8 a, 8 a, 56 d, Health-ClosedPRs0003.csv
98, 10000, 5, 3, 54, 2, 36, 3, 18 b, 79 d, 79 d, 2 a, 2 a, 79 d, 2 a, 10 a, 2 a, 36 b, 2 a, 2 a, 2 a, 2 a, 14 a, 2 a, 25 b, 2 a, 2 a, 2 a, 2 a, 79 d, 2 a, 75 d, 71 d, 2 a, 2 a, 2 a, 10 a, 3 a, 3 a, 3 a, 3 a, 4 a, 4 a, 2 a, 10 a, 2 a, 2 a, 2 a, 2 a, 2 a, 2 a, 2 a, 2 a, 2 a, 2 a, 2 a, 2 a, 54 c, Health-ClosedPRs0002.csv
96, 10000, 5, 3, 56, 0, 20, 2, 31 b, 6 a, 56 d, 6 a, 63 e, 63 e, 63 e, 50 d, 43 c, 34 c, 9 a, 3 a, 0 a, 0 a, 24 b, 37 c, 37 c, 63 d, 0 a, 0 a, 0 a, 43 c, 3 a, 3 a, 63 e, 63 d, 0 a, 0 a, 15 b, 0 a, 0 a, 0 a, 0 a, 0 a, 0 a, 21 b, 40 c, 12 a, 21 b, 12 a, 3 a, 3 a, 0 a, 0 a, 0 a, 0 a, 0 a, 0 a, 0 a, 56 d, Health-ClosedPRs0007.csv
32, 10000, 5, 3, 52, 23, 3, 43, 52 f, 49 d, 52 f, 47 c, 47 c, 49 d, 53 f, 50 e, 48 c, 50 e, 47 c, 46 b, 46 b, 43 a, 50 e, 49 d, 48 c, 48 c, 45 b, 45 b, 43 a, 51 f, 48 c, 46 b, 47 c, 46 b, 46 b, 49 d, 49 d, 46 b, 45 b, 45 b, 45 b, 44 a, 42 a, 48 d, 49 d, 48 c, 48 c, 47 c, 47 c, 47 c, 47 c, 45 b, 46 b, 45 b, 45 b, 41 a, 42 a, 52 f, Health-ClosedIssues0010.csv
49, 10000, 5, 3, 59, 16, 15, 38, 52 c, 45 b, 72 e, 43 a, 71 e, 40 a, 64 d, 42 a, 41 a, 40 a, 38 a, 37 a, 37 a, 34 a, 43 a, 39 a, 42 a, 39 a, 38 a, 36 a, 29 a, 46 b, 42 a, 40 a, 40 a, 39 a, 34 a, 34 a, 43 a, 36 a, 36 a, 36 a, 34 a, 32 a, 29 a, 43 a, 43 a, 40 a, 42 a, 41 a, 41 a, 40 a, 40 a, 38 a, 38 a, 34 a, 37 a, 34 a, 35 a, 59 d, Health-ClosedIssues0001.csv
73, 10000, 5, 3, 35, 6, 7, 14, 37 e, 26 c, 29 d, 27 c, 23 c, 14 a, 32 e, 25 c, 25 c, 19 b, 20 b, 18 b, 15 a, 14 a, 25 c, 24 c, 22 b, 15 a, 20 b, 14 a, 13 a, 26 c, 22 b, 16 a, 15 a, 23 c, 12 a, 22 b, 27 c, 23 c, 21 b, 19 b, 15 a, 13 a, 11 a, 28 d, 28 d, 22 b, 24 c, 20 b, 23 c, 20 b, 20 b, 18 b, 18 b, 14 a, 14 a, 13 a, 14 a, 35 e, Health-ClosedIssues0003.csv
72, 10000, 5, 3, 63, 9, 4, 24, 63 h, 64 h, 64 h, 63 h, 50 d, 64 h, 33 b, 58 f, 55 e, 56 f, 50 d, 52 d, 38 b, 23 a, 60 g, 60 g, 57 f, 56 f, 50 d, 45 c, 25 a, 63 h, 63 h, 57 f, 48 d, 63 h, 53 e, 62 h, 60 g, 54 e, 54 e, 49 d, 30 b, 26 a, 23 a, 58 f, 60 g, 60 g, 55 e, 57 f, 57 f, 48 c, 52 d, 40 b, 47 c, 38 b, 43 b, 21 a, 23 a, 63 h, Health-ClosedIssues0007.csv
74, 10000, 5, 3, 75, 1, 26, 21, 37 b, 31 b, 26 a, 29 a, 29 a, 25 a, 32 b, 40 b, 32 b, 28 a, 28 a, 21 a, 16 a, 12 a, 41 b, 24 a, 20 a, 18 a, 15 a, 11 a, 10 a, 41 b, 28 a, 26 a, 22 a, 18 a, 22 a, 19 a, 34 b, 22 a, 19 a, 19 a, 17 a, 13 a, 10 a, 34 b, 38 b, 30 b, 31 b, 25 a, 26 a, 25 a, 25 a, 20 a, 23 a, 18 a, 19 a, 15 a, 15 a, 75 c, Health-Commits0000.csv
99, 10000, 5, 3, 60, 2, 10, 3, 45 f, 45 e, 13 b, 10 b, 13 b, 62 g, 62 g, 60 g, 60 g, 45 f, 51 f, 39 e, 48 f, 5 a, 58 g, 48 f, 42 e, 61 g, 13 b, 16 c, 2 a, 57 g, 31 d, 61 g, 61 g, 13 b, 27 d, 54 f, 46 f, 31 e, 31 e, 25 d, 14 b, 11 b, 8 b, 45 f, 57 g, 42 e, 40 e, 34 e, 40 e, 28 d, 36 e, 10 b, 22 d, 8 b, 12 b, 2 a, 2 a, 60 g, Health-ClosedPRs0006.csv
81, 10000, 5, 3, 25, 0, 12, 5, 12 b, 11 b, 13 b, 21 c, 20 c, 14 b, 17 c, 10 b, 7 a, 7 a, 6 a, 5 a, 4 a, 2 a, 12 b, 7 a, 6 a, 5 a, 5 a, 4 a, 2 a, 10 b, 11 b, 6 a, 6 a, 4 a, 4 a, 2 a, 13 b, 8 a, 6 a, 6 a, 4 a, 4 a, 3 a, 10 b, 10 b, 10 b, 9 a, 6 a, 7 a, 7 a, 6 a, 5 a, 5 a, 3 a, 4 a, 3 a, 3 a, 25 d, Health-ClosedIssues0006.csv
80, 10000, 5, 3, 46, 7, 5, 15, 43 g, 38 f, 34 e, 44 g, 42 g, 43 g, 31 d, 43 g, 43 g, 32 d, 39 f, 31 d, 37 f, 20 b, 38 f, 37 f, 34 e, 36 e, 21 b, 19 b, 19 b, 44 g, 35 e, 29 d, 32 d, 36 e, 20 b, 26 d, 45 g, 39 f, 33 e, 32 d, 29 d, 19 b, 15 a, 44 g, 42 g, 34 e, 40 f, 36 e, 34 e, 35 e, 34 e, 27 d, 30 d, 24 c, 24 c, 20 b, 22 b, 46 h, Health-ClosedIssues0009.csv
92, 5184, 12, 2, 29, 3, 21, 5, 7 a, 6 a, 5 a, 4 a, 4 a, 3 a, 3 a, 7 a, 6 a, 5 a, 5 a, 4 a, 4 a, 3 a, 8 a, 7 a, 6 a, 5 a, 4 a, 3 a, 3 a, 7 a, 6 a, 6 a, 5 a, 4 a, 4 a, 4 a, 10 a, 6 a, 6 a, 5 a, 5 a, 5 a, 5 a, 8 a, 7 a, 5 a, 5 a, 4 a, 5 a, 4 a, 5 a, 4 a, 4 a, 3 a, 3 a, 3 a, 3 a, 29 b, SS-T.csv
81, 10000, 5, 3, 55, 16, 12, 23, 36 c, 41 c, 54 e, 54 e, 29 b, 28 b, 55 e, 39 c, 34 b, 33 b, 30 b, 24 a, 24 a, 21 a, 36 c, 33 b, 30 b, 26 a, 24 a, 21 a, 21 a, 46 d, 28 b, 27 a, 25 a, 24 a, 25 a, 20 a, 40 c, 32 b, 28 b, 26 a, 23 a, 21 a, 18 a, 40 c, 38 c, 35 c, 34 b, 31 b, 30 b, 30 b, 30 b, 25 a, 26 a, 24 a, 23 a, 22 a, 23 a, 55 e, Health-ClosedIssues0008.csv
90, 10000, 5, 3, 53, 11, 8, 15, 55 h, 57 i, 51 g, 35 d, 27 c, 54 h, 18 b, 49 g, 46 f, 45 f, 33 d, 36 d, 28 c, 22 b, 43 f, 45 f, 40 e, 39 e, 29 c, 20 b, 19 b, 47 f, 51 g, 45 f, 34 d, 26 c, 41 e, 40 e, 45 f, 35 d, 31 d, 29 c, 23 b, 19 b, 15 a, 38 e, 43 f, 38 e, 39 e, 35 d, 38 e, 34 d, 32 d, 27 c, 30 c, 24 c, 22 b, 21 b, 20 b, 53 h, Health-Commits0003.csv
44, 10000, 5, 3, 34, 13, 6, 25, 30 b, 29 b, 32 c, 30 b, 33 c, 26 a, 25 a, 29 b, 29 b, 30 b, 28 b, 25 a, 30 b, 23 a, 30 b, 28 b, 26 a, 29 b, 25 a, 26 a, 24 a, 31 c, 28 b, 27 b, 31 c, 25 a, 28 b, 23 a, 30 b, 30 b, 29 b, 28 b, 26 a, 26 a, 25 a, 29 b, 30 b, 28 b, 28 b, 27 b, 27 b, 27 a, 27 b, 25 a, 26 a, 24 a, 25 a, 24 a, 22 a, 34 d, Health-ClosedIssues0004.csv
94, 10000, 5, 3, 83, 28, 15, 31, 91 f, 47 b, 89 f, 91 f, 47 b, 30 a, 79 e, 64 d, 65 d, 68 d, 60 c, 46 b, 30 a, 28 a, 65 d, 64 d, 56 c, 66 d, 32 a, 34 a, 30 a, 39 a, 46 b, 52 b, 34 a, 84 e, 28 a, 28 a, 60 c, 32 a, 32 a, 32 a, 32 a, 32 a, 30 a, 57 c, 66 d, 57 c, 53 b, 46 b, 43 b, 34 a, 38 a, 28 a, 28 a, 28 a, 28 a, 28 a, 28 a, 83 e, Health-ClosedPRs0004.csv
61, 10000, 5, 3, 50, 5, 22, 23, 68 d, 45 c, 51 c, 28 a, 30 a, 69 d, 44 c, 36 b, 26 a, 26 a, 24 a, 23 a, 22 a, 19 a, 25 a, 31 b, 24 a, 32 b, 39 b, 22 a, 22 a, 39 b, 24 a, 23 a, 23 a, 22 a, 22 a, 21 a, 26 a, 23 a, 22 a, 22 a, 21 a, 21 a, 20 a, 25 a, 25 a, 24 a, 24 a, 24 a, 23 a, 23 a, 23 a, 22 a, 22 a, 22 a, 22 a, 21 a, 21 a, 50 c, Health-ClosedIssues0005.csv
71, 10000, 5, 3, 75, 0, 7, 22, 77 i, 77 i, 60 f, 75 i, 79 j, 60 f, 48 d, 69 h, 65 g, 65 g, 62 f, 51 d, 54 d, 40 c, 77 i, 58 f, 65 g, 64 g, 50 d, 28 b, 17 a, 63 g, 62 f, 55 e, 55 e, 49 d, 36 c, 54 e, 61 f, 54 e, 51 d, 50 d, 42 c, 34 b, 27 a, 63 g, 67 h, 54 e, 60 f, 58 f, 56 e, 51 d, 57 e, 49 d, 54 d, 39 c, 47 d, 36 c, 39 c, 75 i, Health-ClosedPRs0009.csv
81, 10000, 5, 3, 61, 10, 5, 19, 61 i, 55 g, 51 f, 62 i, 43 d, 49 e, 32 c, 54 g, 51 f, 52 f, 52 f, 50 f, 41 d, 34 c, 58 h, 48 e, 42 d, 42 d, 37 c, 25 b, 19 a, 62 i, 50 f, 53 g, 50 f, 46 e, 36 c, 26 b, 54 g, 45 e, 41 d, 40 d, 34 c, 27 b, 20 a, 55 g, 54 g, 49 e, 52 f, 47 e, 48 e, 46 e, 47 e, 40 d, 46 e, 37 c, 40 d, 36 c, 36 c, 61 i, Health-ClosedPRs0010.csv
98, 10000, 5, 3, 54, 0, 36, 1, 78 d, 20 b, 31 b, 47 b, 31 b, 78 d, 77 d, 4 a, 42 b, 47 c, 39 b, 0 a, 4 a, 0 a, 50 c, 0 a, 19 b, 50 c, 4 a, 0 a, 0 a, 66 c, 0 a, 0 a, 0 a, 0 a, 31 b, 11 a, 4 a, 0 a, 0 a, 0 a, 0 a, 0 a, 0 a, 0 a, 8 a, 0 a, 0 a, 0 a, 0 a, 0 a, 0 a, 0 a, 0 a, 0 a, 0 a, 0 a, 0 a, 54 c, Health-ClosedPRs0005.csv
65, 10000, 5, 3, 51, 16, 17, 28, 53 c, 32 a, 65 d, 29 a, 27 a, 64 d, 31 a, 38 b, 31 a, 30 a, 29 a, 28 a, 29 a, 26 a, 34 a, 32 a, 33 a, 34 b, 29 a, 27 a, 24 a, 43 b, 30 a, 40 b, 28 a, 28 a, 30 a, 21 a, 37 b, 31 a, 29 a, 28 a, 26 a, 24 a, 21 a, 31 a, 32 a, 29 a, 31 a, 30 a, 29 a, 29 a, 29 a, 28 a, 27 a, 25 a, 25 a, 23 a, 24 a, 51 c, Health-Commits0010.csv
97, 10000, 5, 3, 52, 0, 27, 2, 0 a, 63 d, 67 e, 66 e, 30 b, 30 b, 67 e, 66 e, 10 a, 29 b, 0 a, 0 a, 0 a, 0 a, 22 b, 3 a, 19 b, 0 a, 16 b, 3 a, 0 a, 43 c, 7 a, 66 e, 0 a, 0 a, 0 a, 66 e, 10 a, 0 a, 0 a, 0 a, 0 a, 0 a, 0 a, 3 a, 13 a, 3 a, 3 a, 0 a, 0 a, 0 a, 0 a, 0 a, 0 a, 0 a, 0 a, 0 a, 0 a, 52 d, Health-Commits0011.csv
62, 10000, 5, 3, 49, 9, 21, 25, 67 d, 28 a, 79 e, 38 b, 47 c, 21 a, 36 b, 29 a, 28 a, 28 a, 25 a, 22 a, 20 a, 19 a, 30 a, 29 a, 25 a, 25 a, 23 a, 21 a, 19 a, 30 a, 28 a, 24 a, 26 a, 25 a, 22 a, 18 a, 31 a, 28 a, 26 a, 26 a, 24 a, 22 a, 19 a, 30 a, 30 a, 27 a, 27 a, 26 a, 27 a, 27 a, 26 a, 24 a, 22 a, 21 a, 20 a, 20 a, 18 a, 49 c, Health-Commits0006.csv
91, 10000, 5, 3, 55, 5, 15, 10, 52 e, 32 c, 20 b, 16 b, 11 a, 46 e, 31 c, 37 d, 33 c, 20 b, 16 b, 16 b, 9 a, 9 a, 40 d, 22 b, 21 b, 16 b, 11 a, 9 a, 11 a, 35 d, 29 c, 25 c, 21 b, 12 a, 11 a, 9 a, 30 c, 14 a, 10 a, 10 a, 9 a, 8 a, 8 a, 31 c, 32 c, 21 b, 29 c, 17 b, 18 b, 16 b, 18 b, 12 a, 12 a, 10 a, 8 a, 8 a, 8 a, 55 e, Health-Commits0007.csv
60, 4400, 9, 1, 55, 0, 12, 22, 39 c, 35 b, 33 b, 33 b, 28 b, 26 b, 23 a, 40 c, 35 b, 33 b, 30 b, 26 b, 23 a, 20 a, 43 c, 35 b, 35 b, 34 b, 31 b, 29 b, 21 a, 40 c, 37 c, 35 b, 32 b, 26 b, 23 a, 19 a, 39 c, 35 b, 33 b, 32 b, 29 b, 27 b, 24 a, 43 c, 41 c, 34 b, 34 b, 33 b, 34 b, 34 b, 31 b, 27 b, 27 b, 22 a, 22 a, 20 a, 22 a, 55 d, redis.csv
80, 10000, 5, 3, 46, 18, 6, 23, 48 f, 35 d, 43 e, 43 e, 34 c, 27 b, 27 b, 39 d, 32 c, 34 c, 34 c, 29 b, 31 c, 23 a, 36 d, 35 d, 35 c, 32 c, 32 c, 23 a, 22 a, 39 d, 33 c, 36 d, 34 c, 29 b, 25 a, 23 a, 40 d, 31 c, 30 b, 28 b, 25 a, 25 a, 22 a, 37 d, 38 d, 35 d, 37 d, 31 c, 34 c, 32 c, 32 c, 26 b, 29 b, 24 a, 26 b, 23 a, 23 a, 46 f, Health-Commits0008.csv
80, 10000, 5, 3, 60, 7, 29, 17, 30 b, 80 d, 17 a, 74 c, 17 a, 80 d, 17 a, 40 b, 52 c, 18 a, 21 a, 79 d, 18 a, 16 a, 79 d, 36 b, 17 a, 21 a, 18 a, 16 a, 74 d, 58 c, 76 d, 79 d, 17 a, 17 a, 16 a, 14 a, 23 a, 17 a, 17 a, 17 a, 17 a, 15 a, 14 a, 17 a, 24 a, 18 a, 18 a, 18 a, 18 a, 17 a, 18 a, 16 a, 17 a, 15 a, 17 a, 15 a, 15 a, 60 c, Health-ClosedIssues0002.csv
47, 10000, 5, 3, 76, 0, 19, 40, 90 e, 90 e, 90 e, 90 e, 88 e, 88 e, 75 d, 60 c, 52 b, 49 b, 49 b, 49 b, 49 b, 42 a, 63 c, 89 e, 48 b, 48 b, 48 b, 38 a, 38 a, 50 b, 49 b, 81 d, 71 d, 49 b, 35 a, 45 a, 53 b, 45 a, 44 a, 43 a, 40 a, 37 a, 34 a, 50 b, 54 b, 49 b, 50 b, 49 b, 50 b, 49 b, 49 b, 44 a, 50 b, 40 a, 47 b, 37 a, 42 a, 76 d, Health-Commits0002.csv
88, 4608, 21, 2, 46, 23, 15, 26, 31 b, 30 a, 28 a, 27 a, 25 a, 25 a, 24 a, 33 b, 29 a, 27 a, 27 a, 25 a, 25 a, 24 a, 33 b, 28 a, 28 a, 27 a, 25 a, 24 a, 24 a, 33 b, 29 a, 28 a, 28 a, 26 a, 26 a, 25 a, 34 b, 30 a, 28 a, 25 a, 24 a, 23 a, 23 a, 27 a, 27 a, 25 a, 25 a, 25 a, 25 a, 25 a, 24 a, 24 a, 24 a, 24 a, 24 a, 23 a, 23 a, 46 c, SS-U.csv
83, 2938, 20, 2, 39, 1, 18, 8, 35 c, 31 c, 32 c, 30 c, 31 c, 24 c, 28 c, 35 c, 31 c, 27 c, 25 c, 22 b, 17 b, 10 a, 33 c, 37 d, 33 c, 34 c, 28 c, 28 c, 20 b, 15 b, 18 b, 22 b, 10 a, 7 a, 7 a, 6 a, 17 b, 14 b, 13 a, 10 a, 6 a, 3 a, 2 a, 20 b, 15 b, 15 b, 20 b, 13 a, 15 b, 11 a, 12 a, 9 a, 9 a, 6 a, 7 a, 4 a, 4 a, 39 d, Life_Expectancy_Data.csv
90, 6840, 16, 2, 55, 0, 22, 6, 14 b, 10 a, 5 a, 5 a, 3 a, 3 a, 2 a, 15 b, 10 a, 7 a, 6 a, 4 a, 3 a, 1 a, 21 b, 9 a, 7 a, 4 a, 2 a, 1 a, 1 a, 15 b, 10 a, 8 a, 7 a, 4 a, 3 a, 2 a, 26 c, 14 b, 12 a, 9 a, 4 a, 1 a, 1 a, 22 b, 31 c, 18 b, 27 c, 12 a, 17 b, 11 a, 18 b, 9 a, 11 a, 4 a, 9 a, 3 a, 4 a, 55 d, SS-V.csv
95, 19008, 9, 1, 15, 0, 27, 1, 1 a, 1 a, 1 a, 1 a, 1 a, 1 a, 1 a, 1 a, 1 a, 1 a, 1 a, 1 a, 1 a, 1 a, 1 a, 1 a, 1 a, 1 a, 1 a, 1 a, 1 a, 1 a, 1 a, 1 a, 1 a, 1 a, 1 a, 1 a, 1 a, 1 a, 1 a, 0 a, 0 a, 0 a, 0 a, 1 a, 1 a, 1 a, 1 a, 1 a, 1 a, 1 a, 1 a, 0 a, 0 a, 0 a, 0 a, 0 a, 0 a, 15 b, PostgreSQL.csv
90, 6764, 18, 1, 23, 0, 19, 2, 6 a, 4 a, 3 a, 2 a, 1 a, 1 a, 1 a, 5 a, 3 a, 2 a, 2 a, 1 a, 1 a, 1 a, 8 a, 4 a, 2 a, 3 a, 1 a, 1 a, 1 a, 5 a, 2 a, 2 a, 2 a, 1 a, 1 a, 1 a, 5 a, 4 a, 3 a, 2 a, 1 a, 1 a, 0 a, 6 a, 5 a, 3 a, 3 a, 3 a, 2 a, 2 a, 2 a, 1 a, 1 a, 1 a, 1 a, 1 a, 1 a, 23 b, dconvert.csv
92, 7043, 19, 2, 39, 0, 25, 3, 40 c, 5 a, 36 c, 60 d, 55 d, 43 c, 44 c, 31 c, 3 a, 2 a, 2 a, 4 a, 1 a, 1 a, 8 a, 20 b, 37 c, 7 a, 5 a, 2 a, 3 a, 10 a, 7 a, 5 a, 6 a, 4 a, 4 a, 4 a, 8 a, 2 a, 2 a, 1 a, 1 a, 1 a, 1 a, 8 a, 9 a, 6 a, 3 a, 2 a, 2 a, 2 a, 2 a, 1 a, 1 a, 1 a, 1 a, 1 a, 1 a, 39 c, WA_Fn-UseC_-Telco-Customer-Churn.csv
96, 86058, 11, 2, 58, 0, 17, 3, 8 a, 5 a, 2 a, 2 a, 1 a, 1 a, 0 a, 12 b, 6 a, 3 a, 2 a, 1 a, 1 a, 0 a, 15 b, 8 a, 3 a, 3 a, 1 a, 0 a, 0 a, 12 b, 5 a, 5 a, 4 a, 2 a, 1 a, 1 a, 35 d, 29 c, 26 c, 22 c, 17 b, 14 b, 10 b, 39 d, 39 d, 33 c, 32 c, 30 c, 30 c, 28 c, 28 c, 24 c, 23 c, 19 b, 19 b, 18 b, 19 b, 58 e, SS-X.csv
81, 2205, 31, 8, 74, 48, 7, 53, 57 b, 54 a, 53 a, 53 a, 52 a, 51 a, 50 a, 57 b, 54 a, 53 a, 52 a, 52 a, 51 a, 50 a, 59 b, 56 b, 54 a, 54 a, 52 a, 52 a, 51 a, 57 b, 55 a, 55 a, 54 a, 54 a, 52 a, 52 a, 65 d, 61 c, 60 b, 58 b, 54 a, 52 a, 50 a, 64 c, 65 d, 59 b, 62 c, 59 b, 57 b, 57 b, 57 b, 56 b, 54 a, 53 a, 53 a, 51 a, 52 a, 74 e, Marketing_Analytics.csv
82, 86058, 12, 1, 20, 0, 14, 4, 8 a, 5 a, 5 a, 4 a, 3 a, 2 a, 1 a, 7 a, 6 a, 5 a, 4 a, 3 a, 2 a, 1 a, 9 b, 4 a, 4 a, 4 a, 3 a, 1 a, 0 a, 7 a, 5 a, 4 a, 4 a, 2 a, 1 a, 1 a, 6 a, 5 a, 4 a, 3 a, 2 a, 2 a, 1 a, 8 a, 7 a, 5 a, 4 a, 4 a, 4 a, 3 a, 4 a, 3 a, 2 a, 2 a, 2 a, 1 a, 1 a, 20 c, exastencils.csv
86, 20000, 9, 3, 46, 9, 9, 14, 36 d, 33 d, 32 c, 29 c, 26 c, 24 b, 20 b, 36 d, 31 c, 30 c, 29 c, 26 c, 23 b, 21 b, 34 d, 33 d, 29 c, 27 c, 25 b, 24 b, 21 b, 36 d, 33 d, 32 c, 30 c, 26 c, 25 b, 22 b, 36 d, 30 c, 26 b, 25 b, 22 b, 19 b, 14 a, 35 d, 34 d, 31 c, 30 c, 31 c, 30 c, 28 c, 29 c, 26 c, 26 c, 21 b, 23 b, 22 b, 21 b, 46 e, pom3c.csv
79, 65536, 16, 2, 52, 9, 11, 18, 37 d, 32 c, 30 c, 29 b, 28 b, 27 b, 22 b, 40 d, 36 c, 35 c, 34 c, 31 c, 28 b, 22 b, 36 c, 33 c, 31 c, 28 b, 26 b, 26 b, 26 b, 40 d, 36 c, 35 c, 35 c, 31 c, 28 b, 27 b, 41 d, 37 d, 32 c, 31 c, 25 b, 22 b, 18 a, 39 d, 38 d, 36 c, 33 c, 33 c, 32 c, 32 c, 31 c, 27 b, 29 b, 27 b, 24 b, 23 b, 23 b, 52 e, SS-W.csv
76, 20000, 9, 3, 34, 1, 11, 8, 18 c, 14 b, 12 b, 12 a, 10 a, 10 a, 7 a, 18 c, 14 b, 13 b, 12 a, 9 a, 8 a, 6 a, 19 c, 16 b, 15 b, 11 a, 8 a, 7 a, 6 a, 18 c, 14 b, 13 b, 11 a, 10 a, 9 a, 7 a, 21 c, 16 b, 13 b, 10 a, 9 a, 5 a, 5 a, 19 c, 20 c, 14 b, 16 b, 15 b, 15 b, 13 b, 13 b, 11 a, 11 a, 7 a, 8 a, 6 a, 6 a, 34 d, pom3b.csv
80, 20000, 9, 3, 34, 1, 11, 8, 20 c, 16 b, 15 b, 14 b, 10 a, 9 a, 7 a, 19 c, 15 b, 14 b, 13 b, 9 a, 8 a, 6 a, 20 c, 14 b, 13 b, 14 b, 9 a, 7 a, 6 a, 19 c, 15 b, 12 b, 12 b, 9 a, 7 a, 6 a, 19 c, 13 b, 10 a, 8 a, 6 a, 5 a, 4 a, 19 c, 20 c, 16 b, 17 b, 14 b, 13 b, 11 a, 12 b, 10 a, 10 a, 8 a, 8 a, 7 a, 6 a, 34 d, pom3a.csv
95, 68640, 14, 1, 13, 0, 18, 1, 2 a, 1 a, 1 a, 0 a, 0 a, 0 a, 0 a, 1 a, 1 a, 0 a, 0 a, 0 a, 0 a, 0 a, 2 a, 1 a, 1 a, 1 a, 0 a, 0 a, 0 a, 1 a, 1 a, 1 a, 1 a, 0 a, 0 a, 0 a, 1 a, 1 a, 1 a, 1 a, 1 a, 0 a, 0 a, 1 a, 1 a, 1 a, 1 a, 1 a, 1 a, 0 a, 1 a, 0 a, 0 a, 0 a, 0 a, 0 a, 0 a, 13 b, 7z.csv
67, 4653, 38, 1, 46, 0, 18, 15, 24 b, 20 a, 19 a, 17 a, 16 a, 14 a, 13 a, 28 b, 21 a, 20 a, 19 a, 16 a, 14 a, 12 a, 32 c, 22 a, 21 a, 19 a, 15 a, 15 a, 12 a, 28 b, 24 b, 23 b, 21 a, 19 a, 16 a, 14 a, 26 b, 17 a, 15 a, 14 a, 11 a, 9 a, 7 a, 25 b, 22 b, 19 a, 20 a, 17 a, 16 a, 16 a, 15 a, 12 a, 14 a, 9 a, 11 a, 8 a, 11 a, 46 d, SQL_AllMeasurements.csv
72, 10127, 19, 4, 77, 25, 13, 40, 59 c, 43 a, 67 e, 59 c, 40 a, 50 b, 84 g, 70 e, 69 e, 58 c, 51 b, 45 b, 40 a, 39 a, 62 d, 57 c, 57 c, 48 b, 55 c, 43 a, 38 a, 54 c, 45 b, 40 a, 40 a, 40 a, 37 a, 38 a, 55 c, 46 b, 43 a, 41 a, 39 a, 36 a, 33 a, 57 c, 55 c, 49 b, 53 c, 49 b, 50 b, 46 b, 47 b, 44 a, 43 a, 40 a, 41 a, 38 a, 38 a, 77 f, BankChurners.csv
58, 53662, 17, 1, 34, 0, 8, 14, 22 b, 18 b, 16 a, 16 a, 14 a, 14 a, 13 a, 20 b, 18 b, 16 a, 16 a, 14 a, 14 a, 13 a, 21 b, 18 b, 16 a, 14 a, 14 a, 14 a, 12 a, 20 b, 17 b, 16 a, 16 a, 14 a, 13 a, 12 a, 26 c, 22 b, 22 b, 21 b, 21 b, 21 b, 21 b, 25 c, 25 c, 21 b, 23 b, 20 b, 22 b, 16 a, 19 b, 14 a, 18 b, 12 a, 15 a, 10 a, 13 a, 34 d, x264.csv
57, 53662, 17, 2, 25, 0, 6, 11, 15 b, 14 b, 12 a, 12 a, 11 a, 10 a, 10 a, 15 b, 12 a, 12 a, 12 a, 11 a, 10 a, 9 a, 17 c, 13 a, 12 a, 12 a, 11 a, 10 a, 9 a, 15 b, 13 a, 12 a, 12 a, 11 a, 11 a, 10 a, 20 c, 17 c, 16 b, 16 b, 15 b, 15 b, 15 b, 19 c, 19 c, 16 b, 17 c, 15 b, 17 b, 13 b, 14 b, 11 a, 13 b, 9 a, 11 a, 8 a, 10 a, 25 d, SS-N.csv
80, 10000, 24, 4, 24, 1, 9, 6, 12 b, 10 b, 8 a, 8 a, 6 a, 6 a, 5 a, 14 c, 11 b, 9 b, 9 b, 7 a, 7 a, 4 a, 14 c, 12 b, 9 b, 7 a, 7 a, 6 a, 4 a, 14 c, 11 b, 10 b, 9 b, 7 a, 5 a, 4 a, 14 c, 10 b, 8 a, 7 a, 4 a, 2 a, 2 a, 15 c, 12 b, 11 b, 9 b, 9 b, 10 b, 8 a, 9 b, 7 a, 7 a, 5 a, 5 a, 4 a, 4 a, 24 d, xomo_osp.csv
76, 10000, 24, 4, 26, 0, 11, 6, 15 b, 12 b, 9 a, 9 a, 7 a, 7 a, 4 a, 14 b, 11 b, 9 a, 9 a, 7 a, 5 a, 4 a, 15 b, 11 b, 9 a, 9 a, 5 a, 4 a, 3 a, 14 b, 11 b, 9 a, 9 a, 7 a, 4 a, 4 a, 13 b, 8 a, 6 a, 6 a, 4 a, 2 a, 2 a, 14 b, 13 b, 11 b, 9 a, 7 a, 9 a, 7 a, 7 a, 6 a, 6 a, 4 a, 5 a, 3 a, 3 a, 26 c, xomo_flight.csv
79, 10000, 24, 4, 37, 7, 12, 13, 22 b, 20 b, 18 b, 17 a, 15 a, 14 a, 11 a, 23 b, 21 b, 19 b, 18 b, 16 a, 14 a, 12 a, 24 b, 21 b, 18 b, 18 b, 15 a, 14 a, 12 a, 23 b, 21 b, 19 b, 18 b, 15 a, 14 a, 12 a, 26 c, 19 b, 15 a, 15 a, 11 a, 9 a, 8 a, 23 b, 22 b, 18 b, 20 b, 19 b, 18 b, 16 a, 18 b, 15 a, 14 a, 14 a, 14 a, 12 a, 11 a, 37 d, xomo_osp2.csv
78, 10000, 24, 4, 27, 1, 9, 6, 16 c, 14 b, 12 b, 11 b, 9 a, 8 a, 6 a, 20 c, 15 b, 13 b, 12 b, 10 b, 8 a, 5 a, 16 c, 14 b, 11 b, 11 b, 8 a, 8 a, 6 a, 20 c, 15 c, 13 b, 11 b, 10 a, 7 a, 6 a, 18 c, 13 b, 10 b, 9 a, 6 a, 3 a, 2 a, 18 c, 18 c, 13 b, 10 b, 12 b, 11 b, 10 b, 11 b, 6 a, 8 a, 6 a, 6 a, 6 a, 5 a, 27 d, xomo_ground.csv
75, 21759, 35, 3, 93, 34, 10, 48, 80 e, 81 e, 82 f, 77 e, 77 e, 78 e, 71 d, 75 e, 75 d, 70 d, 68 d, 63 c, 56 b, 47 a, 77 e, 80 e, 81 e, 77 e, 67 c, 60 c, 57 b, 78 e, 77 e, 69 d, 66 c, 57 b, 53 b, 48 a, 78 e, 75 e, 72 d, 70 d, 66 c, 64 c, 62 c, 78 e, 71 d, 74 d, 67 c, 63 c, 63 c, 64 c, 70 d, 60 c, 53 b, 53 b, 52 b, 51 a, 48 a, 93 g, Data_COVID19_Indonesia.csv
81, 10000, 88, 3, 52, 34, 7, 37, 44 c, 42 b, 41 b, 41 b, 39 a, 38 a, 36 a, 45 c, 41 b, 41 b, 40 b, 39 a, 38 a, 36 a, 43 b, 43 b, 41 b, 38 a, 37 a, 37 a, 37 a, 45 c, 41 b, 40 b, 40 a, 38 a, 37 a, 36 a, 44 b, 42 b, 40 b, 39 a, 37 a, 35 a, 35 a, 42 b, 44 b, 43 b, 43 b, 41 b, 40 b, 40 b, 41 b, 39 a, 39 a, 38 a, 38 a, 37 a, 37 a, 52 d, billing10k.csv
99, 25000, 64, 1, 46, 0, 50, 0, 10 a, 0 a, 0 a, 0 a, 0 a, 0 a, 0 a, 0 a, 0 a, 0 a, 0 a, 0 a, 0 a, 0 a, 0 a, 0 a, 0 a, 0 a, 0 a, 0 a, 0 a, 0 a, 0 a, 0 a, 0 a, 0 a, 0 a, 0 a, 0 a, 0 a, 0 a, 0 a, 0 a, 0 a, 0 a, 0 a, 5 a, 0 a, 0 a, 0 a, 0 a, 0 a, 0 a, 0 a, 0 a, 0 a, 0 a, 0 a, 0 a, 46 b, Medical_Data_and_Hospital_Readmissions.csv
93, 166975, 35, 1, 2, 0, 3, 0, 0 a, 0 a, 0 a, 0 a, 0 a, 0 a, 0 a, 0 a, 0 a, 0 a, 0 a, 0 a, 0 a, 0 a, 0 a, 0 a, 0 a, 0 a, 0 a, 0 a, 0 a, 0 a, 0 a, 0 a, 0 a, 0 a, 0 a, 0 a, 0 a, 0 a, 0 a, 0 a, 0 a, 0 a, 0 a, 0 a, 0 a, 0 a, 0 a, 0 a, 0 a, 0 a, 0 a, 0 a, 0 a, 0 a, 0 a, 0 a, 0 a, 2 b, javagc.csv
83, 10000, 124, 3, 52, 28, 8, 32, 41 c, 40 b, 38 b, 38 b, 34 a, 33 a, 31 a, 42 c, 38 b, 37 b, 36 b, 34 a, 33 a, 30 a, 41 c, 39 b, 37 b, 35 b, 32 a, 31 a, 31 a, 42 c, 37 b, 36 b, 35 a, 33 a, 31 a, 31 a, 40 b, 36 b, 34 a, 33 a, 30 a, 29 a, 28 a, 44 c, 40 c, 39 b, 40 b, 37 b, 38 b, 36 b, 36 b, 35 b, 36 b, 34 a, 33 a, 32 a, 32 a, 52 d, Scrum10k.csv
81, 10000, 128, 3, 53, 25, 9, 30, 42 c, 40 c, 38 b, 38 b, 34 b, 33 a, 31 a, 41 c, 40 c, 38 b, 37 b, 33 a, 31 a, 30 a, 41 c, 38 b, 36 b, 35 b, 32 a, 31 a, 30 a, 41 c, 39 b, 38 b, 37 b, 35 b, 33 a, 33 a, 41 c, 34 b, 31 a, 30 a, 27 a, 26 a, 25 a, 40 c, 42 c, 37 b, 37 b, 36 b, 35 b, 36 b, 35 b, 33 a, 33 a, 29 a, 31 a, 29 a, 29 a, 53 d, FFM-125-25-0.50-SAT-1.csv
84, 10000, 256, 3, 51, 34, 7, 37, 43 b, 40 b, 40 b, 39 b, 39 a, 38 a, 35 a, 43 c, 42 b, 41 b, 40 b, 39 a, 37 a, 35 a, 44 c, 42 b, 40 b, 40 b, 37 a, 37 a, 36 a, 43 c, 41 b, 40 b, 40 b, 38 a, 37 a, 37 a, 45 c, 40 b, 38 a, 37 a, 35 a, 34 a, 34 a, 43 c, 42 b, 42 b, 42 b, 40 b, 42 b, 39 b, 40 b, 39 a, 38 a, 38 a, 37 a, 36 a, 36 a, 51 d, FFM-250-50-0.50-SAT-1.csv
83, 10000, 513, 3, 53, 26, 8, 30, 43 c, 40 c, 39 b, 38 b, 36 b, 35 b, 29 a, 43 c, 40 c, 40 c, 39 b, 35 b, 32 a, 28 a, 42 c, 41 c, 38 b, 36 b, 31 a, 30 a, 30 a, 43 c, 39 b, 37 b, 36 b, 34 b, 32 a, 30 a, 44 c, 36 b, 33 a, 33 a, 29 a, 27 a, 27 a, 44 c, 42 c, 41 c, 39 b, 39 b, 36 b, 37 b, 37 b, 35 b, 35 b, 33 a, 32 a, 30 a, 31 a, 53 d, FM-500-100-0.50-SAT-1.csv
83, 10000, 511, 3, 54, 27, 9, 32, 42 c, 40 c, 38 b, 37 b, 35 b, 34 a, 28 a, 42 c, 38 b, 37 b, 36 b, 34 a, 32 a, 29 a, 43 c, 38 b, 36 b, 33 a, 31 a, 32 a, 31 a, 42 c, 38 b, 36 b, 36 b, 33 a, 31 a, 30 a, 41 c, 37 b, 34 a, 33 a, 30 a, 28 a, 27 a, 43 c, 43 c, 39 b, 41 c, 39 b, 38 b, 38 b, 37 b, 36 b, 37 b, 34 a, 34 a, 32 a, 32 a, 54 d, FM-500-100-0.75-SAT-1.csv
83, 10000, 510, 3, 52, 28, 8, 32, 40 b, 37 b, 37 b, 36 b, 34 a, 32 a, 30 a, 43 c, 40 b, 39 b, 37 b, 34 a, 32 a, 29 a, 40 b, 36 b, 35 b, 35 b, 31 a, 31 a, 30 a, 43 c, 39 b, 38 b, 37 b, 34 a, 32 a, 31 a, 43 c, 36 b, 35 a, 33 a, 30 a, 29 a, 29 a, 42 c, 44 c, 39 b, 39 b, 36 b, 38 b, 36 b, 37 b, 35 a, 36 b, 34 a, 33 a, 32 a, 33 a, 52 d, FFM-500-100-0.50-SAT-1.csv
85, 10000, 511, 3, 53, 28, 9, 32, 42 c, 39 b, 37 b, 36 b, 34 a, 33 a, 30 a, 40 b, 37 b, 36 b, 35 b, 34 a, 33 a, 30 a, 42 c, 39 b, 35 b, 33 a, 31 a, 32 a, 31 a, 40 b, 38 b, 36 b, 36 b, 33 a, 31 a, 30 a, 43 c, 36 b, 34 a, 33 a, 30 a, 29 a, 28 a, 42 c, 42 c, 39 b, 39 b, 38 b, 38 b, 36 b, 37 b, 35 a, 33 a, 33 a, 33 a, 31 a, 32 a, 53 d, FM-500-100-1.00-SAT-1.csv
82, 10000, 517, 3, 52, 33, 7, 36, 45 c, 43 b, 42 b, 42 b, 40 b, 40 b, 36 a, 46 c, 44 c, 43 b, 42 b, 40 b, 38 a, 35 a, 46 c, 42 b, 42 b, 40 b, 37 a, 36 a, 35 a, 46 c, 44 c, 42 b, 41 b, 38 a, 37 a, 36 a, 45 c, 39 b, 38 a, 37 a, 35 a, 34 a, 34 a, 43 b, 43 b, 41 b, 43 b, 40 b, 40 b, 40 b, 40 b, 38 a, 37 a, 37 a, 37 a, 36 a, 36 a, 52 d, FM-500-100-0.25-SAT-1.csv
,,,,,,,,23,37,41,50,63,64,68,29,41,50,60,77,83,94,29,39,51,65,80,87,93,28,41,52,59,80,86,86,32,53,71,77,85,89,95,37,35,42,44,55,48,61,56,81,78,89,87,94,94,0,
